PIER NO.,CHAINAGE,NORTHING,EASTING,PIER AZIMUTH,FOOTING SKEW,FOUNDATION TYPE
P26-01,26825.86613,1518291.037,688741.458,84.43270874,0,N/A
P26-02,26840.62984,1518292.47,688756.152,84.43270874,0,N/A
P26-03,26895.63259,1518297.368,688810.938,84.43270874,0,N/A
P26-04,26994.62487,1518306.872,688909.47,86.28240903,0,N/A
P27-01,27049.62014,1518309.216,688964.415,88.09003448,0,N/A
P27-02,27089.62035,1518310.549,689004.393,88.09003448,0,F4B-U
P27-03,27129.62057,1518311.882,689044.371,88.09003448,0,F4B-U
P27-04,27169.62082,1518313.216,689084.349,88.09003448,0,F4B-U
P27-05,27209.62004,1518314.549,689124.326,88.09003448,0,F4B-T
P27-06,27249.62026,1518315.882,689164.304,88.09003448,0,F4B-T
P27-07,27289.574,1518314.966,689204.3099,88.08995056,0,F9B-B
P27-08,27324.467,1518316.128,689239.1836,88.08995056,0,F9B-B
P27-09,27359.361,1518317.291,689274.0582,88.08995056,0,F4B-H
P27-10,27394.254,1518318.454,689308.9318,88.08995056,0,F9B-B
P27-11,27434.133,1518319.783,689348.7887,88.08995056,0,F9B-B
P27-12,27474.012,1518321.112,689388.6455,88.08995056,0,F9B-B
P27-13,27513.89,1518322.441,689428.5013,88.08995056,0,F9B-B
P27-14,27553.768,1518323.771,689468.3572,88.08995056,0,F9B-B
P27-15,27593.646,1518325.1,689508.213,88.08995056,0,F9B-B
P27-16,27633.524,1518326.429,689548.0689,88.08995056,0,F9B-B
P27-17,27669.414,1518327.625,689583.9389,88.08995056,0,F9B-B
P27-18,27705.305,1518328.821,689619.81,88.08995056,0,F9B-B
P27-19,27741.195,1518330.019,689655.68,88.08995056,0,F9B-B
P27-20,27781.074,1518331.347,689695.5369,88.08995056,0,F9B-B
P27-21,27820.952,1518332.676,689735.3927,88.08995056,0,F9B-B
P27-22,27860.83,1518334.005,689775.2486,88.08995056,0,F9B-B
P27-23,27895.724,1518335.168,689810.1232,88.08995056,0,F9B-B
P27-24,27930.617,1518336.331,689844.9968,88.08995056,0,F9B-B
P27-25,27965.511,1518337.494,689879.8714,88.08995056,0,F9B-B
P28-01,28004.392,1518338.79,689918.7308,88.08995056,0,F9B-B
P28-02,28043.371,1518340.076,689957.6886,88.15940596,0,F9B-B
P28-03,28082.381,1518341.249,689996.6809,88.42975906,0,F9B-B
P28-04,28117.381,1518342.108,690031.6704,88.75838411,0,F9B-B
P28-05,28152.381,1518342.766,690066.6641,89.08700917,0,F9B-B
P28-06,28187.381,1518343.223,690101.6611,89.41563422,0,F9B-B
P28-07,28223.38,1518343.492,690137.659,89.70372022,0,F9B-B
P28-08,28258.955,1518343.63,690173.2338,89.82268157,0,N/A
P28-09,28304.705,1518343.769,690218.9836,89.82610321,0,N/A
P28-10,28376.206,1518343.986,690290.4842,89.82610321,0,N/A
P28-11,28447.706,1518344.318,690361.9834,89.52900449,0,N/A
P28-12,28493.456,1518344.865,690407.73,89.10023932,0,N/A
P28-13,28529.371,1518345.535,690443.6387,88.76302307,0,F4BR-A
P28-14,28565.372,1518346.418,690479.6288,88.42499934,0,F4BR-A
P28-15L,28598.372,1518348.401,690512.5825,88.18486048,0,F2B-H
P28-15R,28598.371,1518316.017,690513.6077,88.18486554,0,F2B-H
P28-16L,28635.361,1518349.863,690549.5416,88.08927332,0,F1B-C
P28-16R,28635.371,1518317.37,690550.6356,88.08927229,0,F1B-C
P28-17L,28675.371,1518351.476,690589.52,88.0892334,0,F2B-H
P28-17R,28675.371,1518318.836,690590.6089,88.0892334,0,F2B-H
P28-18,28715.371,1518348.408,690629.6446,88.0892334,0,F4BR-A
P28-19,28755.371,1518350.334,690669.6026,88.0892334,0,F4BR-B
P28-20,28795.372,1518351.7,690709.5803,88.0892334,0,F4BR-B
P28-21,28835.371,1518353.044,690749.5567,88.0892334,0,F4BR-B
P28-22,28875.372,1518354.678,690789.5255,88.0892334,0,F4BR-B
P28-23,28915.371,1518356.768,690829.477,88.0892334,0,F4BR-B
P28-24,28955.372,1518358.891,690869.4294,88.0892334,0,F4BR-B
P28-25,28995.371,1518360.618,690909.393,88.0892334,0,F4BR-A
P29-01,29035.371,1518361.951,690949.3708,88.0892334,0,F4BR-A
P29-02,29075.371,1518363.285,690989.3486,88.0892334,0,F4BR-A
P29-03,29115.372,1518364.618,691029.3274,88.0892334,0,F4BR-A
P29-04L,29150.371,1518375.43,691063.9851,88.0892334,14.45389,F2B-H
P29-04R,29150.371,1518360.936,691064.4687,88.0892334,0,F2B-H
P29-05L,29185.371,1518367.952,691099.2541,88.0892334,12.5425,F2B-H
P29-05R,29185.371,1518336.633,691100.2989,88.0892334,0,F2B-H
P29-06,29220.371,1518368.119,691134.268,88.0892334,0,F4BR-A
P29-07,29255.372,1518369.286,691169.2495,88.0892334,0,F4BR-A
P29-08,29290.371,1518370.453,691204.229,88.0892334,0,F4BR-A
P29-09,29325.371,1518371.62,691239.2096,88.0892334,0,F4BR-A
P29-10,29365.372,1518372.954,691279.1883,88.0892334,0,F4BR-A
P29-11,29405.371,1518374.288,691319.1651,88.0892334,0,F4BR-A
P29-12,29445.371,1518375.622,691359.1429,88.0892334,0,F4BR-A
P29-13,29485.371,1518376.955,691399.1206,88.0892334,0,F4BR-A
P29-14,29525.372,1518378.289,691439.0994,88.0892334,0,F4BR-A
P29-15,29565.371,1518379.623,691479.0761,88.0892334,0,F4BR-A
P29-16,29605.371,1518380.956,691519.0539,88.0892334,0,F4BR-A
P29-17,29645.371,1518382.29,691559.0317,88.0892334,0,F4BR-A
P29-18,29685.372,1518383.624,691599.0104,88.0892334,0,F4BR-A
P29-19,29725.371,1518384.958,691638.9872,88.0892334,0,F4BR-A
P29-20,29765.371,1518386.291,691678.9649,88.0892334,0,F4BR-A
P29-21,29805.371,1518387.625,691718.9427,88.0892334,0,F4BR-A
P29-22,29845.372,1518388.959,691758.9215,88.0892334,0,F4BR-A
P29-23,29885.371,1518390.293,691798.8982,88.0892334,0,F4BR-A
P29-24,29925.371,1518391.626,691838.876,88.0892334,0,F4BR-A
P29-25,29960.372,1518392.793,691873.8575,88.0892334,0,F4BR-A
P30-01,29995.371,1518393.96,691908.837,88.0892334,0,F4BR-A
P30-02,30030.371,1518395.127,691943.8176,88.0892334,0,F4BR-A
P30-02A,30070.371,1518396.461,691983.7953,88.0892334,0,F4BR-A
P30-03,30110.371,1518397.795,692023.7731,88.0892334,0,F4BR-A
P30-04,30145.371,1518398.962,692058.7536,88.0892334,0,F4BR-A
P30-05,30180.371,1518400.129,692093.7342,88.0892334,0,F4BR-A
P30-06,30215.371,1518401.296,692128.7147,88.0892334,0,F4BR-A
P30-07,30254.372,1518402.596,692167.694,88.0892334,0,F4BR-A
P30-08,30293.372,1518403.896,692206.6723,88.0892334,0,F4BR-A
P30-09,30328.371,1518405.063,692241.6519,88.0892334,0,F4BR-A
P30-10,30363.372,1518406.23,692276.6334,88.0892334,0,F4BR-A
P30-11,30398.371,1518407.397,692311.613,88.0892334,0,F4BR-A
P30-12,30433.372,1518408.564,692346.5945,88.0892334,0,F4BR-A
P30-13,30468.371,1518409.731,692381.574,88.0892334,0,F4BR-A
P30-14,30503.371,1518410.898,692416.5546,88.0892334,0,F4BR-A
P30-15,30541.372,1518412.166,692454.5345,88.0892334,0,F4BR-A
P30-16,30580.371,1518413.466,692493.5118,88.0892334,0,F4BR-A
P30-17,30618.371,1518414.733,692531.4906,88.0892334,0,F4BR-A
P30-18,30658.371,1518416.067,692571.4684,88.0892334,0,F4BR-A
P30-19,30698.371,1518417.399,692611.4462,88.0892334,0,F4BR-A
P30-20,30738.371,1518418.734,692651.4239,88.0892334,0,F4BR-A
P30-21,30778.371,1518420.068,692691.4017,88.0892334,0,F4BR-A
P30-22,30818.371,1518421.4,692731.3795,88.0892334,0,F4BR-A
P30-23,30858.371,1518422.735,692771.3572,88.0892334,0,F4BR-A
P30-24,30898.371,1518424.069,692811.335,88.0892334,0,F4BR-A
P30-25,30938.371,1518425.403,692851.3127,88.0892334,0,F4BR-A
P30-26,30978.371,1518426.735,692891.2905,88.0892334,0,F4BR-A
P31-01,31018.371,1518428.07,692931.2682,88.0892334,0,F4BR-A
P31-02,31058.371,1518429.404,692971.246,88.0892334,0,F4BR-A
P31-03,31098.371,1518430.737,693011.2238,88.0892334,0,F4BR-A
P31-04,31138.371,1518432.071,693051.2015,88.0892334,0,F4BR-A
P31-05,31178.371,1518433.405,693091.1793,88.0892334,0,F4BR-A
P31-06,31218.371,1518434.739,693131.157,88.0892334,0,F4BR-A
P31-07,31258.371,1518436.071,693171.1348,88.0892334,0,F4BR-A
P31-08,31298.37,1518437.406,693211.1115,88.0892334,0,F4B-E
P31-09,31338.371,1518438.74,693251.0903,88.0892334,0,F2B-B
P31-10,31375.37,1518439.972,693288.0688,88.0892334,0,F4B-E
P31-11,31412.371,1518441.207,693325.0492,88.0892334,0,F4B-E
P31-12,31449.37,1518442.441,693362.0276,88.0892334,0,F2B-B
P31-13,31485.37,1518443.641,693398.0076,88.0892334,0,F4B-E
P31-14,31521.37,1518444.841,693433.9876,88.0892334,0,F4B-E
P31-15,31557.371,1518446.042,693469.9685,88.0892334,0,F2B-B
P31-16,31593.37,1518447.237,693505.9476,88.11145079,0,F4B-F
P31-16A,31629.371,1518448.4,693541.9298,88.20313658,0,F2B-B
P31-17,31665.37,1518449.48,693577.9126,88.365831,0,F4B-E
P31-18,31701.371,1518450.437,693613.9008,88.5995521,0,F2B-B
P31-19,31741.371,1518451.3,693653.8914,88.9425261,0,F4B-E
P31-20,31781.371,1518451.893,693693.8869,89.37317378,0,F4B-E
P31-21,31821.371,1518452.156,693733.8859,89.89149514,0,F2B-B
P31-22,31861.37,1518452.027,693773.8846,90.48483684,0,F4B-E
P31-23,31901.37,1518451.478,693813.8806,91.0875934,0,F4B-E
P31-24,31941.37,1518450.507,693853.8686,91.69034996,0,F2B-B
P31-25,31981.371,1518449.117,693893.8453,92.29312158,0,F4B-E
P32-01,32021.371,1518447.307,693933.8041,92.89587814,0,F4B-E
P32-02,32061.371,1518445.077,693973.7417,93.49863469,0,F2B-B
P32-03,32101.37,1518442.426,694013.6526,94.10137618,0,F4B-E
P32-04,32141.372,1518439.358,694053.5366,94.68534554,0,F4B-E
P32-05,32181.371,1518435.911,694093.3867,95.18681193,0,F2B-B
P32-06,32221.371,1518432.146,694133.209,95.60061827,0,F4B-E
P32-07,32261.372,1518428.124,694173.0072,95.92675799,0,F4B-E
P32-08,32301.371,1518423.906,694212.7831,96.16520992,0,F2B-B
P32-09,32341.371,1518419.553,694252.5455,96.31599522,0,F4B-E
P32-10,32381.371,1518415.125,694292.2997,96.37910684,0,F4B-E
P32-11,32421.371,1518410.679,694332.0519,96.38122559,0,F2B-B
P32-12,32461.371,1518406.234,694371.8041,96.38122559,0,F4B-E
P32-13,32501.372,1518401.788,694411.5573,96.38122559,0,F4B-E
P32-14,32541.371,1518397.342,694451.3085,96.38122559,0,F2B-B
P32-15,32581.371,1518392.897,694491.0606,96.38122559,0,F4B-E
P32-16,32621.371,1518388.451,694530.8128,96.38122559,0,F4B-E
P32-17,32661.371,1518384.006,694570.5651,96.38122559,0,F2B-B
P32-18,32701.371,1518379.559,694610.3172,96.38122559,0,F4B-E
P32-19,32741.372,1518375.113,694650.0703,96.38122559,0,F4B-E
P32-20,32781.371,1518370.662,694689.8208,96.41264785,0,F2B-B
P32-21,32821.371,1518366.164,694729.5671,96.50184643,0,F4B-E
P32-22,32861.371,1518361.603,694769.3062,96.59352792,0,F4B-E
P32-23,32901.371,1518356.978,694809.0379,96.68520942,0,F2B-B
P32-24,32941.372,1518352.289,694848.7632,96.774902,0,F4B-E
P32-25,32981.372,1518347.555,694888.482,96.80819702,0,F4B-E
P33-01,33021.372,1518342.813,694928.1999,96.80819702,0,F2B-B
P33-02,33061.371,1518338.071,694967.9169,96.80819702,0,F4B-E
P33-03,33101.371,1518333.329,695007.6348,96.80819702,0,F4B-E
P33-04,33141.371,1518328.587,695047.3528,96.80819702,0,F2B-B
P33-05,33181.371,1518323.845,695087.0707,96.80819702,0,F4B-E
P33-06,33221.371,1518319.104,695126.7887,96.80819702,0,F4B-E
P33-07,33261.371,1518314.362,695166.5066,96.80819702,0,F2B-B
P33-08,33301.371,1518309.62,695206.2245,96.80819702,0,F4B-E
P33-09,33341.371,1518304.878,695245.9425,96.80819702,0,F4B-E
P33-10,33381.371,1518300.136,695285.6604,96.80819702,0,F2B-B
P33-11,33421.372,1518295.394,695325.3794,96.80819702,0,F4B-E
P33-12,33461.372,1518290.652,695365.0973,96.80819702,0,F4B-E
P33-13,33501.372,1518285.911,695404.8152,96.80819702,0,F4B-C
P33-14,33541.372,1518281.169,695444.5332,96.80819702,0,F4B-F
P33-15,33581.372,1518276.427,695484.2511,96.80819702,0,F4B-F
P33-16,33621.372,1518271.685,695523.9691,96.80819702,0,F4B-G
P33-17,33658.372,1518267.299,695560.7082,96.80819702,0,F4B-G
P33-18,33695.372,1518262.913,695597.4473,96.80819702,0,F4B-G
P33-19,33732.372,1518258.526,695634.1864,96.80819702,0,F4B-G
P33-20,33769.372,1518254.14,695670.9255,96.80819702,0,F4B-H
P33-21,33806.372,1518249.754,695707.6646,96.80819702,0,F4B-H
P33-22,33843.372,1518245.368,695744.4037,96.80819702,0,F4B-H
P33-23,33881.372,1518240.863,695782.1357,96.80819702,0,F4B-H
P33-24,33919.372,1518236.358,695819.8677,96.80819702,0,F4B-G
P33-25,33957.661,1518231.819,695857.8867,96.80819702,0,N/A
P34-01,34006.161,1518226.07,695906.0448,96.80819702,0,N/A
P34-02,34073.161,1518218.127,695972.5723,96.80819702,0,N/A
P34-03,34116.661,1518212.97,696015.7656,96.80819702,0,N/A
P34-04,34157.212,1518208.164,696056.0306,96.80819702,0,F4B-H
P34-05,34190.792,1518204.183,696089.3738,96.80819702,0,F4B-H
P34-06,34224.372,1518200.202,696122.7171,96.80819702,0,F4B-H
P34-07,34259.372,1518196.053,696157.4703,96.80819702,0,F4B-H
P34-08,34294.371,1518191.904,696192.2225,96.80819702,0,F4B-H
P34-09,34329.372,1518187.754,696226.9766,96.80819702,0,F4B-G
P34-10,34367.372,1518183.25,696264.7087,96.80819702,0,F4B-G
P34-11,34405.372,1518178.745,696302.4407,96.80819702,0,F4B-H
P34-12,34443.372,1518174.24,696340.1728,96.80819702,0,F4B-G
P34-13,34483.371,1518169.498,696379.8897,96.80819702,0,F4B-G
P34-14,34523.371,1518164.757,696419.6077,96.80819702,0,F4B-F
P34-15,34563.371,1518160.015,696459.3256,96.80819702,0,F4B-C
P34-16,34603.371,1518155.273,696499.0436,96.80819702,0,F4B-E
P34-17,34643.371,1518150.531,696538.7615,96.80819702,0,F4B-E
P34-18,34683.371,1518145.789,696578.4794,96.80819702,0,F2B-B
P34-19,34723.372,1518141.047,696618.1984,96.80819702,0,F4B-E
P34-20,34763.372,1518136.305,696657.9163,96.80819702,0,F4B-E
P34-21,34803.372,1518131.564,696697.6343,96.80819702,0,F2B-B
P34-22,34843.372,1518126.822,696737.3522,96.80819702,0,F4B-E
P34-23,34883.372,1518122.08,696777.0701,96.80819702,0,F4B-E
P34-24,34923.372,1518117.338,696816.7881,96.80819702,0,F2B-B
P34-25,34963.372,1518112.596,696856.506,96.80819702,0,F4B-B
P35-01,35003.372,1518107.854,696896.224,96.80819702,0,F4B-B
P35-02,35043.371,1518103.113,696935.9409,96.80819702,0,F2B-B
P35-03,35083.371,1518098.371,696975.6589,96.80819702,0,F4B-B
P35-04,35123.371,1518093.628,697015.3767,96.80819702,0,F4B-B
P35-05,35163.371,1518088.887,697055.0947,96.80819702,0,F2B-B
P35-06,35203.371,1518084.145,697094.8127,96.80819702,0,F4B-B
P35-07,35243.371,1518079.403,697134.5306,96.80819702,0,F4B-B
P35-08,35283.371,1518074.662,697174.2486,96.80819702,0,F2B-B
P35-09,35323.371,1518069.92,697213.9665,96.80819702,0,F4B-B
P35-10,35363.372,1518065.178,697253.6855,96.80819702,0,F4B-B
P35-11,35403.371,1518060.436,697293.4024,96.80819702,0,F2B-B
P35-12,35443.372,1518055.694,697333.1213,96.80819702,0,F4B-B
P35-13,35483.372,1518050.952,697372.8393,96.80819702,0,F4B-B
P35-14,35523.372,1518046.21,697412.5572,96.80819702,0,F2B-B
P35-15,35563.372,1518041.469,697452.2752,96.80819702,0,F4B-B
P35-16,35603.372,1518036.727,697491.9931,96.80819702,0,F4B-B
P35-17,35643.372,1518031.985,697531.711,96.80819702,0,F2B-B
P35-18,35683.372,1518027.243,697571.429,96.80819702,0,F4B-B
P35-19,35723.371,1518022.501,697611.1459,96.80819702,0,F4B-E
P35-20,35763.371,1518017.759,697650.8639,96.80819702,0,F2B-B
P35-21,35803.371,1518013.018,697690.5818,96.80819702,0,F4B-B
P35-22,35843.371,1518008.276,697730.2998,96.80819702,0,F4B-E
P35-23,35883.371,1518003.534,697770.0177,96.80819702,0,F2B-B
P35-24,35923.371,1517998.792,697809.7356,96.80819702,0,F4B-B
P35-25,35963.371,1517994.05,697849.4536,96.80819702,0,F4B-B
P36-01,36003.371,1517989.308,697889.1715,96.80819702,0,F2B-B
P36-02,36043.371,1517984.567,697928.8895,96.80819702,0,F4B-B
P36-03,36083.372,1517979.825,697968.6084,96.80819702,0,F4B-B
P36-04,36123.372,1517975.083,698008.3264,96.80819702,0,F2B-B
P36-05,36163.372,1517970.341,698048.0443,96.80819702,0,F4B-E
P36-06,36203.372,1517965.599,698087.7622,96.80819702,0,F4B-E
P36-07,36243.372,1517960.857,698127.4802,96.80819702,0,F2B-B
P36-08,36283.372,1517956.115,698167.1981,96.80819702,0,F4B-B
P36-09,36323.372,1517951.374,698206.9161,96.80819702,0,F4B-B
P36-10,36363.372,1517946.632,698246.634,96.80819702,0,F2B-B
P36-11,36403.371,1517941.89,698286.351,96.80819702,0,F4B-B
P36-12,36443.371,1517937.148,698326.0689,96.80819702,0,F4B-B
P36-13,36483.371,1517932.406,698365.7868,96.80819702,0,F2B-B
P36-14,36523.371,1517927.664,698405.5048,96.80819702,0,F4B-B
P36-15,36563.371,1517922.923,698445.2227,96.80819702,0,F4B-B
P36-16,36603.371,1517918.181,698484.9407,96.80819702,0,F2B-B
P36-17,36643.371,1517913.439,698524.6586,96.80819702,0,F4B-B
P36-18,36683.371,1517908.697,698564.3765,96.80819702,0,F4B-B
P36-19,36723.371,1517903.955,698604.0945,96.80819702,0,F2B-B
P36-20,36763.371,1517899.213,698643.8124,96.80819702,0,F4B-B
P36-21,36803.372,1517894.471,698683.5314,96.80819702,0,F4B-B
P36-22,36843.372,1517889.73,698723.2493,96.80819702,0,F2B-B
P36-23,36882.372,1517885.106,698761.9743,96.80819702,0,F4B-B
P36-24,36921.372,1517880.483,698800.6993,96.80819702,0,F4B-B
P36-25,36960.372,1517875.86,698839.4243,96.80819702,0,F2B-B
P36-26,37000.372,1517871.118,698879.1422,96.80819702,0,F4B-B
P37-01,37040.372,1517866.376,698918.8602,96.80819702,0,F4B-E
P37-02,37080.372,1517861.634,698958.5781,96.80819702,0,F2B-B
P37-03,37120.372,1517856.892,698998.2961,96.80819702,0,F4B-B
P37-04,37160.371,1517852.151,699038.013,96.80819702,0,F4B-B
P37-05,37200.371,1517847.408,699077.7308,96.80819702,0,F2B-B
P37-06,37240.371,1517842.667,699117.4489,96.80819702,0,F4B-B
P37-07,37280.371,1517837.925,699157.1668,96.80819702,0,F4B-B
P37-08,37320.371,1517833.183,699196.8848,96.80819702,0,F2B-B
P37-09,37360.371,1517828.441,699236.6027,96.80819702,0,F4B-B
P37-10,37400.371,1517823.7,699276.3207,96.80819702,0,F4B-B
P37-11,37440.371,1517818.958,699316.0386,96.80819702,0,F2B-B
P37-12,37480.371,1517814.216,699355.7565,96.80819702,0,F4B-B
P37-13,37520.371,1517809.474,699395.4745,96.80819702,0,F4B-B
P37-14,37560.371,1517804.732,699435.1924,96.80819702,0,F2B-B
P37-15,37600.372,1517799.99,699474.9114,96.80819702,0,F4B-B
P37-16,37640.372,1517795.248,699514.6293,96.80819702,0,F4B-B
P37-17,37680.372,1517790.507,699554.3473,96.80819702,0,F2B-B
P37-18,37720.372,1517785.765,699594.0652,96.80819702,0,F4B-B
P37-19,37760.372,1517781.023,699633.7831,96.80819702,0,F4B-B
P37-20,37800.372,1517776.281,699673.5011,96.80819702,0,F2B-B
P37-21,37840.371,1517771.539,699713.218,96.80819702,0,F4B-B
P37-22,37880.371,1517766.797,699752.936,96.80819702,0,F4B-B
P37-23,37920.371,1517762.056,699792.6539,96.80819702,0,F2B-B
P37-24,37960.371,1517757.314,699832.3719,96.80819702,0,F4B-B
P37-25,38000.371,1517752.572,699872.0898,96.80819702,0,F4B-B
P38-01,38040.371,1517747.83,699911.8077,96.80819702,0,F2B-B
P38-02,38080.371,1517743.088,699951.5257,96.80819702,0,F4B-B
P38-03,38120.371,1517738.346,699991.2436,96.80819702,0,F4B-B
P38-04,38160.371,1517733.605,700030.9616,96.80819702,0,F2B-B
P38-05,38200.371,1517728.863,700070.6795,96.80819702,0,F4B-B
P38-06,38240.371,1517724.121,700110.3974,96.80819702,0,F4B-B
P38-07,38280.371,1517719.379,700150.1154,96.80819702,0,F2B-A
P38-08,38320.372,1517714.637,700189.8343,96.80819702,0,F4B-A
P38-09,38360.372,1517709.895,700229.5523,96.80819702,0,F4B-A
P38-10,38400.372,1517705.153,700269.2702,96.80819702,0,F2B-A
P38-11,38440.372,1517700.412,700308.9882,96.80819702,0,F4B-A
P38-12,38480.372,1517695.67,700348.7061,96.80819702,0,F4B-B
P38-13,38520.372,1517690.928,700388.424,96.80819702,0,F2B-B
P38-14,38556.372,1517686.66,700424.1702,96.80819702,0,F4B-B
P38-15,38592.371,1517682.394,700459.9155,96.80819702,0,F4B-B
P38-16,38628.371,1517678.125,700495.6615,96.80819702,0,F2B-B
P38-17,38664.371,1517673.857,700531.4076,96.80819702,0,F4B-E
P38-18,38700.371,1517669.59,700567.1538,96.80819702,0,F4B-B
P38-19,38736.371,1517665.322,700602.8999,96.80819702,0,F2B-B
P38-20,38776.371,1517660.58,700642.6179,96.80819702,0,F4B-B
P38-21,38816.371,1517655.838,700682.3358,96.80819702,0,F4B-B
P38-22,38856.371,1517651.096,700722.0538,96.80819702,0,F2B-B
P38-23,38896.371,1517646.354,700761.7716,96.80819702,0,F4B-B
P38-24,38936.371,1517641.613,700801.4896,96.80819702,0,F4B-B
P38-25,38976.371,1517636.871,700841.2076,96.80819702,0,F2B-B
P39-01,39016.371,1517632.129,700880.9255,96.80819702,0,F4B-B
P39-02,39056.371,1517627.387,700920.6435,96.80819702,0,F4B-B
P39-03,39096.372,1517622.645,700960.3624,96.80819702,0,F2B-A
P39-04,39136.371,1517617.905,701000.0795,96.80819702,0,F4B-A
P39-05,39176.372,1517613.162,701039.7983,96.80819702,0,F4B-A
P39-06,39216.372,1517608.42,701079.5162,96.80819702,0,F2B-B
P39-07,39256.372,1517603.678,701119.2342,96.80819702,0,F4B-B
P39-08,39296.372,1517598.936,701158.9521,96.80819702,0,F4B-B
P39-09,39336.372,1517594.194,701198.6701,96.80819702,0,F2B-B
P39-10,39373.372,1517589.808,701235.4092,96.80819702,0,F4B-B
P39-11,39410.372,1517585.422,701272.1482,96.80819702,0,F4B-B
P39-12,39447.371,1517581.036,701308.8864,96.80819702,0,F2B-B
P39-13,39482.371,1517576.887,701343.6395,96.80819702,0,F4B-A
P39-14,39517.372,1517572.737,701378.3937,96.80819702,0,F4B-B
P39-15,39552.372,1517568.588,701413.1469,96.80819702,0,F2B-B
P39-16,39592.372,1517563.846,701452.8649,96.80819702,0,F4B-A
P39-17,39632.372,1517559.105,701492.5828,96.80819702,0,F2B-A
P39-18,39667.372,1517554.955,701527.336,96.80819702,0,F4B-A
P39-19,39702.372,1517550.806,701562.0892,96.80819702,0,F2B-B
P39-20,39742.372,1517546.065,701601.8072,96.80819702,0,F4B-B
P39-20A,39782.372,1517541.323,701641.5251,96.80819702,0,F4B-B
P39-21,39822.372,1517536.581,701681.2431,96.80819702,0,F2B-B
P39-22,39857.372,1517532.432,701715.9962,96.80819702,0,F4B-A
P39-23,39892.371,1517528.283,701750.7485,96.80819702,0,F2B-B
P39-24,39927.372,1517524.133,701785.5026,96.80819702,0,F4B-B
P39-25,39962.372,1517519.984,701820.2558,96.80819702,0,F4B-B
P39-26,39997.372,1517515.835,701855.009,96.80819702,0,F2B-B
P40-01,40037.371,1517511.094,701894.726,96.80819702,0,F4B-B
P40-02,40077.371,1517506.352,701934.4439,96.80819702,0,F4B-B
P40-03,40117.371,1517501.61,701974.1619,96.80819702,0,F2B-B
P40-04,40157.371,1517496.868,702013.8798,96.80819702,0,F4B-B
P40-05,40197.371,1517492.126,702053.5978,96.80819702,0,F4B-B
P40-06,40237.371,1517487.384,702093.3157,96.80819702,0,F2B-B
P40-07,40277.371,1517482.642,702133.0336,96.80819702,0,F4B-B
P40-08,40317.371,1517477.901,702172.7516,96.80819702,0,F4B-B
P40-09,40357.371,1517473.159,702212.4695,96.80819702,0,F2B-B
P40-10,40397.371,1517468.417,702252.1875,96.80819702,0,F4B-B
P40-11,40437.371,1517463.675,702291.9054,96.80819702,0,F4B-B
P40-12,40477.372,1517458.933,702331.6244,96.80819702,0,F2B-B
P40-13,40517.371,1517454.192,702371.3414,96.80819702,0,F4B-B
P40-14,40557.372,1517449.449,702411.0602,96.80819702,0,F4B-B
P40-15,40597.372,1517444.708,702450.7782,96.80819702,0,F2B-B
P40-16,40637.372,1517439.966,702490.4961,96.80819702,0,F4B-B
P40-17,40677.371,1517435.224,702530.2131,96.80819702,0,F4B-B
P40-18,40717.371,1517430.482,702569.931,96.80819702,0,F2B-B
P40-19,40757.371,1517425.739,702609.6488,96.80819702,0,F4B-B
P40-20,40797.371,1517420.999,702649.3669,96.80819702,0,F4B-B
P40-21,40837.371,1517416.257,702689.0848,96.80819702,0,F2B-B
P40-22,40877.371,1517411.515,702728.8028,96.80819702,0,F4B-B
P40-23,40917.371,1517406.773,702768.5207,96.80819702,0,F4B-B
P40-24,40957.371,1517402.031,702808.2387,96.80819702,0,F2B-B
P40-25,40997.371,1517397.289,702847.9566,96.80819702,0,F4B-B
P41-01,41037.371,1517392.547,702887.6745,96.80819702,0,F4B-B
P41-02,41077.371,1517387.806,702927.3925,96.80819702,0,F2B-B
P41-03,41116.371,1517383.182,702966.1175,96.80819702,0,F4B-B
P41-04,41155.371,1517378.559,703004.8425,96.80819702,0,F4B-E
P41-05,41194.371,1517373.936,703043.5675,96.80819702,0,F2B-B
P41-06,41234.371,1517369.194,703083.2854,96.80819702,0,F4B-E
P41-07,41274.372,1517364.452,703123.0043,96.80819702,0,F4B-E
P41-08,41314.372,1517359.71,703162.7223,96.80819702,0,F2B-B
P41-09,41351.371,1517355.324,703199.4604,96.80819702,0,F4B-E
P41-10,41388.371,1517350.938,703236.1995,96.80819702,0,F4B-E
P41-11,41425.371,1517346.552,703272.9386,96.80819702,0,F2B-B
P41-12,41461.371,1517342.284,703308.6847,96.80819702,0,F4B-E
P41-13,41497.371,1517338.016,703344.4309,96.80819702,0,F4B-E
P41-14,41533.371,1517333.749,703380.177,96.80819702,0,F2B-B
P41-15,41573.371,1517329.007,703419.895,96.80819702,0,F4B-B
P41-16,41613.371,1517324.265,703459.6129,96.80819702,0,F4B-B
P41-17,41653.371,1517319.523,703499.3309,96.80819702,0,F2B-B
P41-18,41693.371,1517314.781,703539.0488,96.80819702,0,F4B-B
P41-19,41733.371,1517310.039,703578.7667,96.80819702,0,F4B-B
P41-20,41773.371,1517305.298,703618.4847,96.80819702,0,F2B-B
P41-21,41813.371,1517300.556,703658.2026,96.80819702,0,F4B-B
P41-22,41853.371,1517295.814,703697.9206,96.80819702,0,F4B-B
P41-23,41893.371,1517291.072,703737.6385,96.80819702,0,F2B-B
P41-24,41933.371,1517286.33,703777.3565,96.80819702,0,F4B-B
P41-25,41973.371,1517281.588,703817.0744,96.80819702,0,F4B-B
P42-01,42013.371,1517276.847,703856.7923,96.80819702,0,F2B-B
P42-02,42053.372,1517272.105,703896.5113,96.80819702,0,F4B-B
P42-03,42093.372,1517267.363,703936.2292,96.80819702,0,F4B-B
P42-04,42133.372,1517262.621,703975.9472,96.80819702,0,F2B-B
P42-05,42173.371,1517257.879,704015.6641,96.80819702,0,F4B-B
P42-06,42213.371,1517253.137,704055.382,96.80819702,0,F4B-B
P42-07,42253.371,1517248.395,704095.1,96.80819702,0,F2B-B
P42-08,42293.371,1517243.654,704134.8179,96.80819702,0,F4B-B
P42-09,42333.371,1517238.912,704174.5359,96.80819702,0,F4B-B
P42-10,42373.371,1517234.17,704214.2538,96.80819702,0,F2B-B
P42-11,42413.371,1517229.428,704253.9718,96.80819702,0,F4B-B
P42-12,42453.371,1517224.686,704293.6897,96.80819702,0,F4B-E
P42-13,42493.371,1517219.944,704333.4076,96.80819702,0,F2B-B
P42-14,42533.371,1517215.203,704373.1256,96.80819702,0,F4B-B
P42-15,42573.371,1517210.461,704412.8435,96.80819702,0,F4B-E
P42-16,42613.371,1517205.719,704452.5615,96.80819702,0,F2B-B
P42-17,42653.371,1517200.977,704492.2794,96.80819702,0,F4B-B
P42-18,42693.371,1517196.236,704531.9975,96.80819702,0,F4B-B
P42-19,42733.371,1517191.493,704571.7153,96.80819702,0,F2B-B
P42-20,42773.372,1517186.751,704611.4342,96.80819702,0,F4B-B
P42-21,42813.372,1517182.01,704651.1522,96.80819702,0,F4B-B
P42-22,42853.372,1517177.268,704690.8701,96.80819702,0,F2B-B
P42-23,42893.371,1517172.526,704730.5871,96.80819702,0,F4B-B
P42-24,42933.371,1517167.784,704770.305,96.80819702,0,F4B-B
P42-25,42973.371,1517163.042,704810.0229,96.80819702,0,F2B-B
P43-01,43013.371,1517158.3,704849.7409,96.80819702,0,F4B-B
P43-02,43053.371,1517153.559,704889.4588,96.80819702,0,F4B-B
P43-03,43093.371,1517148.817,704929.1768,96.80819702,0,F2B-B
P43-04,43133.371,1517144.075,704968.8947,96.80819702,0,F4B-B
P43-05,43173.371,1517139.333,705008.6127,96.80819702,0,F4B-B
P43-06,43213.371,1517134.591,705048.3306,96.80819702,0,F2B-B
P43-07,43253.371,1517129.849,705088.0485,96.80819702,0,F4B-B
P43-08,43293.371,1517125.108,705127.7665,96.80819702,0,F4B-B
P43-09,43333.371,1517120.366,705167.4844,96.80819702,0,F2B-B
P43-10,43370.371,1517115.979,705204.2235,96.80819702,0,F4B-B
P43-11,43407.371,1517111.593,705240.9626,96.80819702,0,F4B-B
P43-12,43444.371,1517107.207,705277.7017,96.80819702,0,F2B-B
P43-13,43484.371,1517102.465,705317.4197,96.80819702,0,F4B-B
P43-14,43524.371,1517097.723,705357.1376,96.80819702,0,F4B-B
P43-15,43564.371,1517092.982,705396.8555,96.80819702,0,F2B-B
P43-16,43604.371,1517088.24,705436.5735,96.80819702,0,F4B-E
P43-17,43644.371,1517083.498,705476.2914,96.80819702,0,F4B-E
P43-18,43684.371,1517078.756,705516.0094,96.80819702,0,F2B-B
P43-19,43724.371,1517074.014,705555.7273,96.80819702,0,F4B-A
P43-20,43764.372,1517069.272,705595.4462,96.80819702,0,F4B-B
P43-21,43804.372,1517064.53,705635.1642,96.80819702,0,F2B-B
P43-22,43844.372,1517059.789,705674.8821,96.80819702,0,F4B-B
P43-23,43884.371,1517055.047,705714.5991,96.80819702,0,F4B-A
P43-24,43924.371,1517050.305,705754.317,96.80819702,0,F2B-B
P43-25,43964.371,1517045.563,705794.035,96.80819702,0,F4B-A
P44-01,44004.371,1517040.821,705833.7529,96.80819702,0,F4B-B
P44-02,44044.371,1517036.079,705873.4708,96.80819702,0,F2B-B
P44-03,44084.371,1517031.338,705913.1888,96.80819702,0,F4B-B
P44-04,44124.371,1517026.596,705952.9067,96.80819702,0,F4B-B
P44-05,44164.371,1517021.854,705992.6247,96.80819702,0,F2B-B
P44-06,44204.371,1517017.113,706032.3427,96.80819702,0,F4B-B
P44-07,44244.371,1517012.37,706072.0606,96.80819702,0,F4B-B
P44-08,44284.371,1517007.628,706111.7785,96.80819702,0,F2B-B
P44-09,44324.371,1517002.887,706151.4964,96.80819702,0,F4B-B
P44-10,44364.371,1516998.145,706191.2144,96.80819702,0,F4B-B
P44-11,44404.372,1516993.403,706230.9333,96.80819702,0,F2B-B
P44-12,44444.371,1516988.662,706270.6504,96.80819702,0,F4B-B
P44-13,44484.372,1516983.919,706310.3692,96.80819702,0,F4B-B
P44-14,44524.372,1516979.177,706350.0871,96.80819702,0,F2B-B
P44-15,44564.371,1516974.435,706389.8041,96.80819702,0,F4B-B
P44-16,44604.371,1516969.694,706429.522,96.80819702,0,F4B-B
P44-17,44644.371,1516964.952,706469.24,96.80819702,0,F2B-B
P44-18,44684.371,1516960.21,706508.9579,96.80819702,0,F4B-B
P44-19,44724.371,1516955.468,706548.6759,96.80819702,0,F4B-B
P44-20,44764.371,1516950.726,706588.3938,96.80819702,0,F2B-B
P44-21,44804.371,1516945.984,706628.1117,96.80819702,0,F4B-B
P44-22,44844.371,1516941.243,706667.8297,96.80819702,0,F4B-B
P44-23,44884.371,1516936.501,706707.5476,96.80819702,0,F2B-B
P44-24,44924.371,1516931.759,706747.2656,96.80819702,0,F4B-B
P44-25,44964.371,1516927.017,706786.9835,96.80819702,0,F4B-B
P45-01,45004.371,1516922.275,706826.7015,96.80819702,0,F2B-B
P45-02,45044.371,1516917.533,706866.4194,96.80819702,0,F4B-B
P45-03,45084.371,1516912.792,706906.1373,96.80819702,0,F4B-B
P45-04,45124.372,1516908.05,706945.8563,96.80819702,0,F2B-B
P45-05,45162.372,1516903.545,706983.5883,96.80819702,0,F4B-B
P45-06,45200.371,1516899.04,707021.3194,96.80819702,0,F4B-B
P45-07,45238.371,1516894.535,707059.0514,96.80819702,0,F2B-B
P45-08,45274.371,1516890.268,707094.7976,96.80819702,0,F4B-E
P45-09,45310.372,1516886,707130.5447,96.80819702,0,F4B-E
P45-10,45346.372,1516881.732,707166.2909,96.80819702,0,F2B-B
P45-10A,45382.372,1516877.465,707202.037,96.80819702,0,F4B-E
P45-11,45418.372,1516873.197,707237.7832,96.80819702,0,F2B-B
P45-12,45454.371,1516868.929,707273.5283,96.80819702,0,F4B-B
P45-13,45490.371,1516864.662,707309.2745,96.80819702,0,F2B-B
P45-14,45528.371,1516860.157,707347.0065,96.80819702,0,F4B-B
P45-15,45566.371,1516855.652,707384.7385,96.80819702,0,F4B-B
P45-16,45604.371,1516851.148,707422.4706,96.80819702,0,F2B-B
P45-17,45644.371,1516846.406,707462.1885,96.80819702,0,F4B-B
P45-18,45684.371,1516841.665,707501.9066,96.80819702,0,F4B-B
P45-19,45724.371,1516836.922,707541.6244,96.80819702,0,F2B-B
P45-20,45764.371,1516832.18,707581.3424,96.80819702,0,F4B-B
P45-21,45804.371,1516827.438,707621.0603,96.80819702,0,F4B-B
P45-22,45844.372,1516822.696,707660.7792,96.80819702,0,F2B-B
P45-23,45884.372,1516817.955,707700.4972,96.80819702,0,F4B-B
P45-24,45924.371,1516813.214,707740.2142,96.80819702,0,F4B-B
P45-25,45964.372,1516808.471,707779.9331,96.80819702,0,F2B-B
P46-01,46003.372,1516803.848,707818.6581,96.80819702,0,F4B-B
P46-02,46042.372,1516799.224,707857.383,96.80819702,0,F4B-B
P46-03,46081.372,1516794.601,707896.108,96.80819702,0,F2B-B
P46-04,46118.372,1516790.216,707932.8473,96.80819702,0,F4B-B
P46-05,46155.372,1516785.829,707969.5862,96.80819702,0,F2B-A
P46-06,46192.371,1516781.442,708006.3243,96.80819702,0,F4B-A
P46-07,46229.371,1516777.056,708043.0634,96.80819702,0,F2B-A
P46-08,46264.371,1516772.907,708077.8166,96.80819702,0,F4B-A
P46-09,46299.372,1516768.758,708112.5708,96.80819702,0,F4B-A
P46-10,46334.372,1516764.609,708147.324,96.80819702,0,F2B-A
P46-11,46374.372,1516759.867,708187.042,96.80819702,0,F4B-A
P46-12,46414.372,1516755.125,708226.7599,96.80819702,0,F2B-A
P46-13,46451.372,1516750.739,708263.499,96.80819702,0,F2B-A
P46-14,46488.372,1516746.354,708300.2382,96.80819702,0,F4B-A
P46-15,46525.372,1516741.967,708336.9772,96.80819702,0,F2B-A
P46-15A,46561.371,1516737.699,708372.7224,96.80819702,0,F2B-A
P46-16,46597.371,1516733.431,708408.4685,96.80819702,0,F4B-B
P46-17,46633.371,1516729.164,708444.2147,96.80819702,0,F2B-B
P46-18,46669.372,1516724.896,708479.9618,96.80819702,0,F4B-B
P46-19,46705.372,1516720.628,708515.7079,96.80819702,0,F2B-B
P46-20,46741.372,1516716.361,708551.4541,96.80819702,0,F4B-B
P46-21,46777.372,1516712.093,708587.2002,96.80819702,0,F2B-B
P46-22,46817.371,1516707.351,708626.9172,96.80819702,0,F4B-B
P46-23,46857.371,1516702.609,708666.6351,96.80819702,0,F4B-B
P46-24,46897.371,1516697.867,708706.3531,96.80819702,0,F2B-B
P46-25,46937.371,1516693.126,708746.071,96.80819702,0,F4B-A
P46-26,46977.371,1516688.384,708785.789,96.80819702,0,F4B-B
P47-01,47017.371,1516683.642,708825.5069,96.80819702,0,F2B-A
P47-02,47057.371,1516678.9,708865.2248,96.80819702,0,F4B-B
P47-03,47097.371,1516674.158,708904.9428,96.80819702,0,F4B-B
P47-04,47137.371,1516669.416,708944.6607,96.80819702,0,F2B-B
P47-05,47177.371,1516664.675,708984.3787,96.80819702,0,F4B-B
P47-06,47217.371,1516659.934,709024.0967,96.80819702,0,F4B-A
P47-07,47257.371,1516655.191,709063.8145,96.80819702,0,F2B-A
P47-08,47297.371,1516650.449,709103.5325,96.80819702,0,F4B-B
P47-09,47337.371,1516645.707,709143.2504,96.80819702,0,F4B-B
P47-10,47377.371,1516640.965,709182.9684,96.80819702,0,F2B-B
P47-11,47417.371,1516636.224,709222.6863,96.80819702,0,F4B-B
P47-12,47457.371,1516631.483,709262.4044,96.80819702,0,F4B-B
P47-13,47497.371,1516626.74,709302.1222,96.80819702,0,F2B-A
P47-14,47537.371,1516621.998,709341.8401,96.80819702,0,F4B-B
P47-15,47577.371,1516617.256,709381.5581,96.80819702,0,F4B-B
P47-16,47617.371,1516612.514,709421.276,96.80819702,0,F2B-B
P47-17,47657.371,1516607.772,709460.994,96.80819702,0,F4B-B
P47-18,47697.371,1516603.032,709500.712,96.80819702,0,F4B-B
P47-19,47737.371,1516598.289,709540.4299,96.80819702,0,F2B-B
P47-20,47777.371,1516593.547,709580.1478,96.80819702,0,F4B-B
P47-21,47817.371,1516588.805,709619.8657,96.80819702,0,F4B-B
P47-22,47857.371,1516584.063,709659.5837,96.80819702,0,F2B-B
P47-23,47897.371,1516579.321,709699.3016,96.80819702,0,F4B-B
P47-24,47937.371,1516574.58,709739.0196,96.80819702,0,F4B-B
P47-25,47977.371,1516569.838,709778.7375,96.80819702,0,F2B-B
P48-01,48017.371,1516565.096,709818.4554,96.80819702,0,F4B-B
P48-02,48057.371,1516560.354,709858.1734,96.80819702,0,F4B-B
P48-03,48097.371,1516555.612,709897.8913,96.80819702,0,F2B-B
P48-04,48137.372,1516550.87,709937.6103,96.80819702,0,F4B-B
P48-05,48177.372,1516546.128,709977.3282,96.80819702,0,F4B-B
P48-06,48217.371,1516541.387,710017.0452,96.80819702,0,F2B-B
P48-07,48257.371,1516536.645,710056.7631,96.80819702,0,F4B-B
P48-08,48297.371,1516531.903,710096.481,96.80819702,0,F4B-B
P48-09,48337.371,1516527.161,710136.199,96.80819702,0,F2B-B
P48-10,48377.371,1516522.419,710175.9169,96.80819702,0,F4B-B
P48-11,48417.371,1516517.677,710215.6349,96.80819702,0,F4B-B
P48-12,48457.371,1516512.937,710255.3529,96.80819702,0,F2B-B
P48-13,48497.371,1516508.194,710295.0708,96.80819702,0,F4B-B
P48-14,48537.371,1516503.452,710334.7887,96.80819702,0,F4B-B
P48-15,48577.371,1516498.71,710374.5066,96.80819702,0,F2B-B
P48-16,48617.371,1516493.968,710414.2246,96.80819702,0,F4B-B
P48-17,48657.371,1516489.226,710453.9425,96.80819702,0,F4B-B
P48-18,48697.371,1516484.485,710493.6605,96.80819702,0,F2B-B
P48-19,48737.371,1516479.743,710533.3784,96.80819702,0,F4B-B
P48-20,48777.371,1516475.001,710573.0963,96.80819702,0,F4B-B
P48-21,48817.371,1516470.259,710612.8143,96.80819702,0,F2B-B
P48-22,48857.372,1516465.517,710652.5332,96.80819702,0,F4B-B
P48-23,48897.371,1516460.775,710692.2502,96.80819702,0,F4B-B
P48-24,48937.371,1516456.034,710731.9682,96.80819702,0,F2B-B
P48-25,48977.371,1516451.292,710771.6861,96.80819702,0,F4B-A
P49-01,49017.371,1516446.55,710811.404,96.80819702,0,F4B-A
P49-02,49057.371,1516441.808,710851.1219,96.80819702,0,F2B-A
P49-03,49097.371,1516437.066,710890.8399,96.80819702,0,F4B-A
P49-04,49137.371,1516432.324,710930.5578,96.80819702,0,F4B-A
P49-05,49177.371,1516427.582,710970.2758,96.80819702,0,F2B-A
P49-06,49217.371,1516422.841,711009.9937,96.80819702,0,F4B-A
P49-07,49257.371,1516418.099,711049.7117,96.80819702,0,F4B-A
P49-08,49297.371,1516413.357,711089.4296,96.80819702,0,F2B-A
P49-09,49337.371,1516408.615,711129.1475,96.80819702,0,F4B-B
P49-10,49377.371,1516403.873,711168.8655,96.80819702,0,F4B-B
P49-11,49417.371,1516399.131,711208.5834,96.80819702,0,F2B-A
P49-12,49457.371,1516394.391,711248.3015,96.80819702,0,F4B-A
P49-13,49497.371,1516389.648,711288.0193,96.80819702,0,F4B-A
P49-14,49537.371,1516384.906,711327.7372,96.80819702,0,F2B-B
P49-15,49577.371,1516380.164,711367.4552,96.80819702,0,F4B-B
P49-16,49617.371,1516375.422,711407.1731,96.80819702,0,F4B-B
P49-17,49657.371,1516370.68,711446.8911,96.80819702,0,F2B-B
P49-18,49697.371,1516365.938,711486.609,96.80819702,0,F4B-B
P49-19,49737.371,1516361.197,711526.327,96.80819702,0,F4B-B
P49-20,49777.371,1516356.455,711566.0449,96.80819702,0,F2B-B
P49-21,49817.371,1516351.713,711605.7628,96.80819702,0,F4B-B
P49-22,49857.371,1516346.971,711645.4808,96.80819702,0,F4B-B
P49-23,49897.371,1516342.229,711685.1987,96.80819702,0,F2B-B
P49-24,49937.371,1516337.488,711724.9168,96.80819702,0,F4B-B
P49-25,49977.371,1516332.746,711764.6346,96.80819702,0,F4B-B
P50-01,50017.371,1516328.004,711804.3526,96.80819702,0,F2B-B
P50-02,50057.371,1516323.262,711844.0705,96.80819702,0,F4B-B
P50-03,50097.371,1516318.52,711883.7884,96.80819702,0,F4B-B
P50-04,50137.371,1516313.778,711923.5064,96.80819702,0,F2B-B
P50-05,50177.371,1516309.037,711963.2244,96.80819702,0,F4B-B
P50-06,50217.371,1516304.295,712002.9423,96.80819702,0,F4B-B
P50-07,50257.371,1516299.553,712042.6602,96.80819702,0,F2B-B
P50-08,50297.371,1516294.811,712082.3781,96.80819702,0,F4B-B
P50-09,50337.371,1516290.069,712122.0961,96.80819702,0,F4B-B
P50-10,50377.371,1516285.327,712161.814,96.80819702,0,F2B-B
P50-11,50417.371,1516280.585,712201.532,96.80819702,0,F4B-B
P50-12,50457.371,1516275.843,712241.2499,96.80819702,0,F4B-B
P50-13,50497.371,1516271.102,712280.9679,96.80819702,0,F2B-B
P50-14,50537.371,1516266.36,712320.6858,96.80819702,0,F4B-B
P50-15,50577.371,1516261.618,712360.4037,96.80819702,0,F4B-B
P50-16,50617.371,1516256.876,712400.1217,96.80819702,0,F2B-B
P50-17,50652.371,1516252.727,712434.8749,96.80819702,0,F4B-B
P50-18,50687.371,1516248.578,712469.6281,96.80819702,0,F4B-B
P50-19,50722.371,1516244.429,712504.3813,96.80819702,0,F2B-B
P50-20,50757.371,1516240.28,712539.1345,96.80819702,0,F4B-A
P50-21,50792.371,1516236.131,712573.8877,96.80819702,0,F4B-A
P50-22,50827.371,1516231.981,712608.6409,96.80819702,0,F2B-A
P50-23,50867.371,1516227.24,712648.3588,96.80819702,0,F4B-A
P50-24,50907.371,1516222.498,712688.0768,96.80819702,0,F4B-A
P50-25,50947.371,1516217.756,712727.7947,96.80819702,0,F2B-B
P50-26,50987.371,1516213.014,712767.5127,96.80819702,0,F4B-B
P51-01,51027.371,1516208.272,712807.2306,96.80819702,0,F4B-B
P51-02,51067.371,1516203.531,712846.9487,96.80819702,0,F2B-B
P51-03,51107.371,1516198.789,712886.6665,96.80819702,0,F4B-E
P51-04,51147.371,1516194.047,712926.3844,96.80819702,0,F4B-B
P51-05,51187.371,1516189.305,712966.1024,96.80819702,0,F2B-B
P51-06,51227.371,1516184.563,713005.8203,96.80819702,0,F4B-B
P51-07,51267.371,1516179.821,713045.5382,96.80819702,0,F4B-B
P51-08,51307.37,1516175.08,713085.2553,96.80819702,0,F2B-B
P51-09,51347.371,1516170.337,713124.9741,96.80819702,0,F4B-B
P51-10,51387.371,1516165.596,713164.6921,96.80819702,0,F4B-B
P51-11,51427.371,1516160.854,713204.41,96.80819702,0,F2B-B
P51-12,51467.371,1516156.112,713244.128,96.80819702,0,F4B-B
P51-13,51507.371,1516151.37,713283.8459,96.80819702,0,F4B-B
P51-14,51547.371,1516146.629,713323.564,96.80819702,0,F2B-B
P51-15,51587.371,1516141.886,713363.2818,96.80819702,0,F4B-B
P51-16,51627.371,1516137.145,713402.9997,96.80819702,0,F4B-B
P51-17,51667.371,1516132.403,713442.7177,96.80819702,0,F2B-B
P51-18,51707.371,1516127.661,713482.4356,96.80819702,0,F4B-B
P51-19,51747.371,1516122.919,713522.1536,96.80819702,0,F4B-A
P51-20,51787.371,1516118.178,713561.8716,96.80819702,0,F2B-A
P51-21,51827.371,1516113.435,713601.5894,96.80819702,0,F4B-A
P51-22,51867.371,1516108.694,713641.3074,96.80819702,0,F4B-A
P51-23,51907.371,1516103.952,713681.0253,96.80819702,0,F2B-A
P51-24,51947.37,1516099.21,713720.7423,96.80819702,0,F4B-B
P51-25,51987.371,1516094.468,713760.4612,96.80819702,0,F4B-B
P52-01,52027.371,1516089.726,713800.1791,96.80819702,0,F2B-B
P52-02,52067.371,1516084.984,713839.8971,96.80819702,0,F4B-B
P52-03,52107.371,1516080.242,713879.615,96.80819702,0,F4B-B
P52-04,52147.371,1516075.501,713919.333,96.80819702,0,F2B-B
P52-05,52187.371,1516070.759,713959.0509,96.80819702,0,F4B-B
P52-06,52227.371,1516066.017,713998.7689,96.80819702,0,F4B-B
P52-07,52267.371,1516061.275,714038.4868,96.80819702,0,F2B-B
P52-08,52307.371,1516056.534,714078.2049,96.80819702,0,F4B-A
P52-09,52347.371,1516051.791,714117.9227,96.80819702,0,F4B-A
P52-10,52387.371,1516047.05,714157.6406,96.80819702,0,F2B-A
P52-11,52427.371,1516042.308,714197.3586,96.80819702,0,F4B-A
P52-12,52467.371,1516037.566,714237.0765,96.80819702,0,F4B-A
P52-13,52507.371,1516032.824,714276.7945,96.80819702,0,F2B-A
P52-14,52547.371,1516028.083,714316.5125,96.80819702,0,F4B-A
P52-15,52587.371,1516023.34,714356.2303,96.80819702,0,F4B-A
P52-16,52627.37,1516018.599,714395.9473,96.80819702,0,F2B-A
P52-17,52667.37,1516013.857,714435.6652,96.80819702,0,F4B-A
P52-18,52707.371,1516009.115,714475.3842,96.80819702,0,F4B-B
P52-19,52747.371,1516004.373,714515.1021,96.80819702,0,F2B-B
P52-20,52787.371,1515999.632,714554.8202,96.80819702,0,F4B-A
P52-21,52827.371,1515994.889,714594.538,96.80819702,0,F4B-B
P52-22,52867.371,1515990.147,714634.2559,96.80819702,0,F2B-A
P52-23,52907.371,1515985.406,714673.9739,96.80819702,0,F4B-B
P52-24,52947.371,1515980.664,714713.6918,96.80819702,0,F4B-B
P52-25,52987.371,1515975.922,714753.4098,96.80819702,0,F2B-B
P53-01,53027.371,1515971.181,714793.1278,96.80819702,0,F4B-B
P53-02,53067.371,1515966.438,714832.8456,96.80819702,0,F4B-B
P53-03,53107.371,1515961.696,714872.5636,96.80819702,0,F2B-B
P53-04,53147.371,1515956.955,714912.2815,96.80819702,0,F4B-A
P53-05,53187.371,1515952.213,714951.9995,96.80819702,0,F4B-A
P53-06,53227.371,1515947.471,714991.7174,96.80819702,0,F2B-A
P53-07,53266.371,1515942.848,715030.4424,96.80819702,0,F4B-A
P53-08,53305.371,1515938.224,715069.1674,96.80819702,0,F4B-A
P53-09,53344.371,1515933.601,715107.8924,96.80819702,0,F2B-A
P53-10,53382.371,1515929.096,715145.6244,96.80819702,0,F4B-B
P53-11,53420.371,1515924.591,715183.3565,96.80819702,0,F2B-B
P53-12,53455.371,1515920.442,715218.1097,96.80819702,0,F4B-B
P53-13,53490.372,1515916.294,715252.864,96.80819702,0,F4B-B
P53-14,53525.372,1515912.145,715287.6172,96.80819702,0,F2B-B
P53-14A,53555.371,1515908.588,715317.4045,96.80819702,0,F4B-B
P53-15,53585.372,1515905.031,715347.194,96.80819702,0,F2B-B
P53-16,53624.372,1515900.409,715385.9191,96.80819702,0,F4B-B
P53-17,53663.372,1515895.785,715424.644,96.80819702,0,F2B-B
P53-18,53698.372,1515891.636,715459.3972,96.80819702,0,F4B-E
P53-19,53733.371,1515887.487,715494.1494,96.80819702,0,F4B-E
P53-20,53768.371,1515883.337,715528.9026,96.80819702,0,F2B-B
P53-20A,53803.371,1515879.188,715563.6558,96.80819702,0,F4B-E
P53-21,53838.372,1515875.04,715598.4101,96.80819702,0,F4B-E
P53-22,53873.371,1515870.891,715633.1623,96.80819702,0,F2B-B
P53-23,53910.371,1515866.504,715669.9013,96.80819702,0,F4B-E
P53-24,53947.371,1515861.561,715706.5732,96.83132003,0,F2B-B
P53-25,53987.371,1515857.334,715746.3529,96.91086611,0,F4B-E
P54-01,54027.371,1515852.488,715786.0583,97.0025476,0,F2B-B
P54-02,54067.371,1515847.581,715825.7561,97.0942291,0,F4B-E
P54-03,54107.371,1515842.608,715865.4458,97.1859106,0,F4B-E
P54-04,54147.371,1515837.573,715905.1276,97.27759209,0,F2B-B
P54-05,54187.371,1515832.476,715944.8015,97.36112518,0,F4B-E
P54-06,54227.372,1515827.336,715984.4709,97.39068511,0,F4B-E
P54-07,54267.371,1515822.198,716024.1386,97.35910373,0,F2B-B
P54-08,54307.371,1515817.102,716063.8126,97.27456043,0,F4B-E
P54-09,54347.371,1515812.069,716103.4947,97.18287893,0,F4B-E
P54-10,54387.371,1515807.099,716143.1848,97.09119743,0,F2B-B
P54-11,54426.371,1515802.315,716181.8902,97.00180797,0,F4B-E
P54-12,54465.372,1515797.591,716220.604,96.91241622,0,F4B-E
P54-13,54504.371,1515792.921,716259.3224,96.8517944,0,F2B-B
P54-14,54544.371,1515788.154,716299.0374,96.84321594,0,F4B-E
P54-15,54584.371,1515783.387,716338.7523,96.84321594,0,F4B-E
P54-16,54624.371,1515778.622,716378.4674,96.84321594,0,F2B-B
P54-17,54664.371,1515773.856,716418.1825,96.84321594,0,F4B-E
P54-18,54704.371,1515769.089,716457.8975,96.84321594,0,F4B-E
P54-19,54744.371,1515764.323,716497.6125,96.84321594,0,F2B-B
P54-20,54783.371,1515759.676,716536.3347,96.84321594,0,F4B-E
P54-21,54822.371,1515755.029,716575.0569,96.84321594,0,F4B-E
P54-22,54861.372,1515750.382,716613.78,96.84321594,0,F2B-B
P54-23,54901.372,1515745.616,716653.495,96.84321594,0,F4B-E
P54-24,54941.372,1515740.85,716693.2101,96.84321594,0,F4B-E
P54-25,54981.371,1515736.084,716732.9241,96.84321594,0,F2B-B
P55-01,55021.371,1515731.318,716772.6392,96.84321594,0,F4B-E
P55-02,55061.371,1515726.552,716812.3542,96.84321594,0,F4B-E
P55-03,55101.371,1515721.787,716852.0694,96.84321594,0,F2B-B
P55-04,55141.371,1515717.02,716891.7843,96.84321594,0,F4B-E
P55-05,55181.371,1515712.253,716931.4993,96.84321594,0,F4B-E
P55-06,55221.371,1515707.487,716971.2143,96.84321594,0,F2B-B
P55-07,55261.371,1515702.721,717010.9294,96.84321594,0,F4B-E
P55-08,55301.371,1515697.955,717050.6444,96.84321594,0,F4B-E
P55-09,55341.371,1515693.189,717090.3595,96.84321594,0,F2B-B
P55-10,55381.371,1515688.423,717130.0745,96.84321594,0,F4B-E
P55-11,55421.371,1515683.657,717169.7895,96.84321594,0,F4B-E
P55-12,55461.371,1515678.892,717209.5047,96.84321594,0,F2B-B
P55-13,55501.371,1515674.125,717249.2196,96.84321594,0,F4B-E
P55-14,55541.371,1515669.358,717288.9346,96.84321594,0,F4B-E
P55-15,55581.371,1515664.592,717328.6497,96.84321594,0,F2B-B
P55-16,55621.371,1515659.826,717368.3647,96.84320686,0,F4B-B
P55-17,55661.37,1515655.08,717408.0811,96.75934034,0,F4B-E
P55-18,55701.371,1515650.448,717447.813,96.51117912,0,F2B-B
P55-19,55741.371,1515646.046,717487.5699,96.10024417,0,F4B-E
P55-20,55781.371,1515641.959,717527.3605,95.62792079,0,F4B-B
P55-21,55821.371,1515638.201,717567.1834,95.15559741,0,F2B-B
P55-22,55861.371,1515634.77,717607.0359,94.68327403,0,F4B-E
P55-23,55901.371,1515631.669,717646.9154,94.21095065,0,F4B-B
P55-24,55941.371,1515628.896,717686.8191,93.73862727,0,F2B-B
P55-25,55981.371,1515626.453,717726.7442,93.26630389,0,F4B-B
P56-01,56021.371,1515624.338,717766.6882,92.79398051,0,F4B-E
P56-02,56061.371,1515622.553,717806.6482,92.32165713,0,F2B-B
P56-03,56101.371,1515621.097,717846.6216,91.84933376,0,F4B-E
P56-04,56141.371,1515619.971,717886.6056,91.37701038,0,F4B-B
P56-05,56181.371,1515619.175,717926.5976,90.904687,0,F2B-B
P56-06,56221.371,1515618.708,717966.5948,90.43236362,0,F4B-B
P56-07,56261.371,1515618.571,718006.5944,89.96004024,0,F4B-B
P56-08,56301.371,1515618.764,718046.5938,89.48771686,0,F2B-B
P56-09,56336.371,1515619.203,718081.591,89.0744339,0,F4B-B
P56-10,56371.371,1515619.895,718116.5841,88.66115095,0,F4B-B
P56-11,56406.371,1515620.84,718151.5713,88.24786799,0,F2B-B
P56-12,56446.371,1515622.226,718191.5471,87.77554461,0,F4B-E
P56-13,56486.371,1515623.944,718231.5101,87.30322123,0,F4B-E
P56-14,56526.371,1515625.99,718271.4576,86.83089785,0,F2B-B
P56-15,56563.371,1515628.177,718308.3929,86.39399873,0,F4B-E
P56-16,56600.371,1515630.646,718345.3103,85.9570996,0,F4B-E
P56-17,56637.371,1515633.394,718382.208,85.52020047,0,F2B-B
P56-18,56677.371,1515636.684,718422.0724,85.0478771,0,F4B-E
P56-19,56717.371,1515640.3,718461.9085,84.57555372,0,F4B-E
P56-20,56757.371,1515644.245,718501.7133,84.10323034,0,F2B-B
P56-21,56797.371,1515648.52,718541.4841,83.63090696,0,F4B-B
P56-22,56837.371,1515653.12,718581.2186,83.15858358,0,F4B-B
P56-23,56877.371,1515658.048,718620.9137,82.6862602,0,F2B-B
P56-24,56917.371,1515663.304,718660.5668,82.21393682,0,F4B-B
P56-25,56957.371,1515668.886,718700.1753,81.74161344,0,F4B-E
P56-26,56997.371,1515674.795,718739.7364,81.26929006,0,F2B-B
P57-01,57037.37,1515681.029,718779.2465,80.80466173,0,F4B-B
P57-02,57077.371,1515687.547,718818.7127,80.46471956,0,F2B-B
P57-03,57117.37,1515694.243,718858.1473,80.28907666,0,F4B-B
P57-04,57157.371,1515701.005,718897.5726,80.26246643,0,F9B-D
P57-05,57197.37,1515707.77,718936.9953,80.26246643,0,F9B-D
P57-06,57237.371,1515714.536,718976.42,80.26246643,0,F9B-D
P57-07,57272.371,1515720.456,719010.9157,80.26246643,0,F9B-D
P57-08,57307.37,1515726.375,719045.4105,80.26246643,0,F2B-B
P57-08L,57307.366,1515736.035,719043.7487,76.20667,0,F2B-F
P57-08R,57307.365,1515716.714,719047.0634,84.31806,0,F2B-F
P57-09,57344.37,1515732.633,719081.8774,80.26246643,0,F4B-E
P57-10,57381.37,1515738.891,719118.3444,80.26246643,0,F2B-B
P57-11,57418.37,1515745.149,719154.8113,80.26246643,0,F4B-B
P57-12,57455.37,1515751.407,719191.2783,80.26246643,0,F4B-B
P57-13,57492.371,1515757.665,719227.7462,80.26246643,0,F2B-B
P57-14,57527.371,1515763.585,719262.2419,80.26246643,0,F4B-B
P57-15,57562.371,1515769.505,719296.7377,80.26246643,0,F4B-B
P57-16,57597.371,1515775.425,719331.2334,80.26246643,0,F2B-B
P57-17,57632.371,1515781.344,719365.7292,80.26246643,0,F4B-E
P57-18L,57667.372,1515799.091,719398.1963,80.27611,0,F2B-G
P57-18R,57667.37,1515782.336,719401.0696,80.27611,0,F2B-G
P57-19,57702.371,1515793.184,719434.7207,80.26246643,0,F2B-B
P57-20,57737.371,1515799.104,719469.2164,80.26246643,0,F4B-B
P57-21,57772.37,1515805.023,719503.7112,80.26246643,0,F2B-B
P57-22,57811.371,1515811.62,719542.1503,80.26246643,0,F4B-B
P57-23,57850.37,1515818.217,719580.5873,80.26246643,0,F2B-B
P57-24,57890.37,1515824.981,719620.0112,80.26246643,0,F4B-B
P57-25,57930.371,1515831.747,719659.4359,80.26246643,0,F4B-B
P57-26,57970.371,1515838.512,719698.8596,80.26246643,0,F2B-B
P58-01,58010.37,1515845.277,719738.2823,80.26246643,0,F4B-B
P58-02,58050.371,1515852.043,719777.707,80.26246643,0,F4B-B
P58-03,58090.371,1515858.808,719817.1307,80.26246643,0,F2B-B
P58-04,58130.37,1515865.573,719856.5535,80.26246643,0,F4B-A
P58-05,58170.37,1515872.339,719895.9772,80.26246643,0,F4B-A
P58-06,58210.371,1515879.104,719935.4019,80.26246643,0,F2B-A
P58-07,58250.371,1515885.87,719974.8256,80.26246643,0,F4B-A
P58-08,58290.37,1515892.635,720014.2483,80.26246643,0,F4B-A
P58-09,58330.37,1515899.4,720053.672,80.26246643,0,F2B-A
P58-10,58370.371,1515906.166,720093.0967,80.26246643,0,F4B-A
P58-11,58410.371,1515912.931,720132.5205,80.26246643,0,F4B-A
P58-12,58450.37,1515919.697,720171.9432,80.26246643,0,F2B-A
P58-13,58490.371,1515926.462,720211.3679,80.26246643,0,F4B-A
P58-14,58530.371,1515933.228,720250.7916,80.26246643,0,F4B-A
P58-15,58570.37,1515939.993,720290.2143,80.26246643,0,F2B-A
P58-16,58610.37,1515946.758,720329.638,80.26246643,0,F4B-A
P58-17,58650.371,1515953.523,720369.0629,80.26246643,0,F4B-A
P58-18,58690.371,1515960.289,720408.4865,80.26246643,0,F2B-A
P58-19,58726.371,1515966.378,720443.9678,80.26246643,0,F4B-A
P58-20,58762.37,1515972.467,720479.4482,80.26246643,0,F4B-A
P58-21,58798.371,1515978.555,720514.9307,80.26246643,0,F2B-A
P58-22,58838.37,1515985.321,720554.3532,80.26246643,0,F4B-A
P58-23,58878.371,1515992.087,720593.7779,80.26246643,0,F4B-A
P58-24,58918.371,1515998.852,720633.2016,80.26246643,0,F2B-A
P58-25,58958.37,1516005.617,720672.6244,80.26246643,0,F4B-A
P58-26,58998.37,1516012.383,720712.0481,80.26246643,0,F4B-A
P59-01,59038.371,1516019.148,720751.4728,80.26246643,0,F2B-A
P59-02,59078.371,1516025.914,720790.8965,80.26246643,0,F4B-A
P59-03,59118.37,1516032.679,720830.3192,80.26246643,0,F4B-A
P59-04,59158.371,1516039.444,720869.7439,80.26246643,0,F2B-A
P59-05,59198.371,1516046.209,720909.1678,80.26246643,0,F4B-A
P59-06,59238.37,1516052.975,720948.5904,80.26246643,0,F4B-A
P59-07,59278.37,1516059.74,720988.0141,80.26246643,0,F2B-A
P59-08,59318.371,1516066.506,721027.4388,80.26246643,0,F4B-A
P59-09,59358.371,1516073.271,721066.8625,80.26246643,0,F4B-A
P59-10,59398.37,1516080.037,721106.2852,80.26246643,0,F2B-A
P59-11,59438.371,1516086.802,721145.7099,80.26246643,0,F4B-A
P59-12,59478.371,1516093.568,721185.1337,80.26246643,0,F4B-B
P59-13,59518.37,1516100.333,721224.5564,80.26246643,0,F2B-B
P59-14,59558.37,1516107.098,721263.9801,80.26246643,0,F4B-B
P59-15,59598.371,1516113.863,721303.405,80.26246643,0,F4B-B
P59-16,59638.371,1516120.629,721342.8285,80.26246643,0,F2B-B
P59-17,59678.37,1516127.394,721382.2513,80.26246643,0,F4B-B
P59-18,59718.371,1516134.16,721421.676,80.26246643,0,F4B-A
P59-19,59758.371,1516140.925,721461.0997,80.26246643,0,F2B-B
P59-20,59798.37,1516147.691,721500.5224,80.26246643,0,F4B-B
P59-21,59838.37,1516154.456,721539.9461,80.26246643,0,F2B-B
P59-22,59873.371,1516160.376,721574.4429,80.26246643,0,F4B-B
P59-23,59908.37,1516170.6,721608.199,80.26246643,0,F4BR-B
P59-24,59943.371,1516175.296,721642.9056,80.26246643,0,F4BR-B
P59-25,59978.37,1516180.441,721677.5333,80.26246643,0,F4BR-B
P60-01,60018.37,1516187.207,721716.9571,80.26246643,0,F4BR-B
P60-02,60058.371,1516193.972,721756.3818,80.26246643,0,F4BR-B
P60-03,60093.37,1516197.586,721791.2723,80.26246643,0,F4B-B
P60-04,60128.37,1516205.969,721825.3452,80.26246643,0,F4BR-B
P60-05,60163.371,1516211.889,721859.842,80.26246643,0,F4BR-B
P60-06,60198.371,1516217.808,721894.3379,80.26246643,0,F4BR-B
P60-07,60233.37,1516221.264,721929.2553,80.26246643,0,F4BR-B
P60-08,60271.371,1516227.692,721966.7088,80.26246643,0,F4BR-B
P60-09,60309.37,1516234.119,722004.1604,80.26246643,0,F4BR-B
P60-10,60347.371,1516240.545,722041.6141,80.26246643,0,F4BR-B
P60-11,60384.371,1516246.803,722078.081,92.01389,0,F4B-A
P60-12,60421.371,1516253.061,722114.5479,80.26246643,0,F2B-B
P60-13,60451.371,1516258.135,722144.1157,80.26246643,0,F4B-B
P60-14,60482.371,1516263.379,722174.6689,80.26246643,0,F4B-E
